"","cust_id","first_name","last_name","cust_email","password","cust_birth_date","block_num","postcode","address_type","cust_telephone"
"1","cust001","Alsunbayar","Garand","Garand.Alsunbayar@gmail.com","DkapCADr","06-11-1948","F40","CV128NR","Office","0756503990"
"2","cust002","Devlin","Aubuchon","Aubuchon.Devlin@gmail.com","AHJRnv7j","10-05-1999","L90","CV7 7DH","Home","0756892295"
"3","cust003","Corey","Perez-Luna","Perez-Luna.Corey@gmail.com","6Ypv7SIT","04-01-2005","E46","CV227QB","Home","0753607446"
"4","cust004","Karen","Munoz Quinones","Munoz Quinones.Karen@gmail.com","dkfc7U94","17-12-1971","D48","CV376DP","Office","0758965096"
"5","cust005","Jumail","al-Farhat","al-Farhat.Jumail@gmail.com","BL8EDoY5","06-05-1990","E54","CV227YS","Home","0752343056"
"6","cust006","Andrew","Whitney-Smith","Whitney-Smith.Andrew@gmail.com","seYCQN5d","21-02-1996","B19","CV6 1QE","Office","0752402500"
"7","cust007","Maria","Najera","Najera.Maria@gmail.com","0l5iTzFl","24-05-1970","E72","CV327UN","Home","0754429053"
"8","cust008","Courtney","Ham","Ham.Courtney@gmail.com","ppQMC0PU","31-10-1969","C42","CV6 2EB","Home","0754408302"
"9","cust009","Joel","Hemphill","Hemphill.Joel@gmail.com","hxFP3YHD","04-09-1984","E79","CV327YA","Office","0758659585"
"10","cust010","Stacie","Dominguez","Dominguez.Stacie@gmail.com","TuMSkwyp","06-02-1971","Q20","CV4 9YJ","Office","0750130873"
"11","cust011","Keaanee","Smith","Smith.Keaanee@gmail.com","8Rqf8gu3","05-12-1947","B98","CV3 9BZ","Office","0751639766"
"12","cust012","Sarah","Cheng","Cheng.Sarah@gmail.com","mpjAK9yC","01-05-1947","U41","CV115HY","Home","0750418578"
"13","cust013","Tania","Lopez Ontiveros","Lopez Ontiveros.Tania@gmail.com","bUPvSps8","11-05-1977","X76","CV1 5HN","Office","0756222742"
"14","cust014","Alexandra","Bollig","Bollig.Alexandra@gmail.com","e2DHAo8N","01-08-1991","U04","CV129HW","Home","0753587800"
"15","cust015","Ariann","Nguyen","Nguyen.Ariann@gmail.com","t3W642ta","25-08-1949","U50","CV114FG","Office","0756613836"
"16","cust016","Jerome","Fields","Fields.Jerome@gmail.com","qFkTQ9eG","25-08-1949","Y43","CV109RQ","Home","0757454949"
"17","cust017","Jahlisha","Candelaria","Candelaria.Jahlisha@gmail.com","w6JJtZ38","23-01-1952","N45","CV2 2LR","Office","0752947228"
"18","cust018","Mallory","Ruiz","Ruiz.Mallory@gmail.com","XZwMCJHZ","14-09-1981","G06","CV3 3BW","Office","0750093645"
"19","cust019","Humaina","el-Naderi","el-Naderi.Humaina@gmail.com","bzTHjn5w","24-05-1961","C37","CV3 1LA","Home","0750591353"
"20","cust020","Rakeyia","Finney","Finney.Rakeyia@gmail.com","IbkaEutL","04-07-1963","X53","CV213QZ","Office","0752849597"
"21","cust021","Arlene","Mcclaskey","Mcclaskey.Arlene@gmail.com","xOQpBhrw","21-02-1996","P16","CV6 9QP","Home","0757015133"
"22","cust022","Mahmooda","al-Habeeb","al-Habeeb.Mahmooda@gmail.com","D5nXHdfV","11-05-1977","P76","CV5 6DB","Home","0756841547"
"23","cust023","Anthony","Nieto","Nieto.Anthony@gmail.com","cqX5kGip","01-08-1991","D40","CV212LB","Office","0750526064"
"24","cust024","Muslim","al-Saba","al-Saba.Muslim@gmail.com","ZdXEgS8R","18-05-2003","F72","CV227YH","Office","0753095181"
"25","cust025","Khaleela","al-Harron","al-Harron.Khaleela@gmail.com","QFaffi8c","25-08-1974","A24","CV471BG","Home","0750941999"
"26","cust026","Lawrence","Chavez","Chavez.Lawrence@gmail.com","a5aOhpgP","06-01-2001","V59","CV239YS","Home","0756745243"
"27","cust027","Darel","Smith","Smith.Darel@gmail.com","HtLvmYA9","10-06-1957","T81","CV6 7LJ","Home","0755310124"
"28","cust028","Monica","Smith","Smith.Monica@gmail.com","uKtzec44","31-10-1969","F53","CV379NB","Home","0759610864"
"29","cust029","Richard","Lynch","Lynch.Richard@gmail.com","9H6hrCEO","11-10-1967","V59","CV227FE","Home","0750706259"
"30","cust030","Joshua","Bennett","Bennett.Joshua@gmail.com","F8FCICZj","19-09-1979","Q61","CV378GR","Office","0750212250"
"31","cust031","Faadil","el-Sayed","el-Sayed.Faadil@gmail.com","bg6piKUd","17-07-1996","Z29","CV344QS","Office","0750845599"
"32","cust032","Suji","Paudel","Paudel.Suji@gmail.com","BWxVlsLB","13-01-1998","Q75","CV6 4FY","Home","0753079551"
"33","cust033","Taylor","Mcgloin","Mcgloin.Taylor@gmail.com","IFVYBrwp","16-08-1993","I06","CV6 5QF","Home","0759140956"
"34","cust034","Dominique","Navejas","Navejas.Dominique@gmail.com","zC4m2CTG","04-07-1963","Y97","CV378UZ","Office","0751854119"
"35","cust035","Navro","Woodard","Woodard.Navro@gmail.com","yFv2Q18z","22-11-1954","F04","CV346DN","Office","0756802563"
"36","cust036","Couric","Moquino","Moquino.Couric@gmail.com","3doG0mOo","15-04-1973","Q45","CV5 9GZ","Home","0756714464"
"37","cust037","Dionte","Talley","Talley.Dionte@gmail.com","SzALeGq5","14-03-1947","C99","CV346XZ","Office","0757519911"
"38","cust038","Benjamin","Tran","Tran.Benjamin@gmail.com","QS0Bk0kG","06-11-1955","I04","CV9 1JS","Home","0757567428"
"39","cust039","Devin","Blackwater","Blackwater.Devin@gmail.com","MqAmQF1b","01-05-1947","L55","CV107YW","Home","0751896012"
"40","cust040","Lio","Legard","Legard.Lio@gmail.com","NfVTQvjK","12-11-1981","E66","CV4 0FX","Office","0752757520"
"41","cust041","Aliyah","Herrera","Herrera.Aliyah@gmail.com","5YmA2nHA","27-11-1954","D43","CV330PJ","Office","0756072955"
"42","cust042","Chantell","Shields","Shields.Chantell@gmail.com","OzTcVFD9","23-12-1991","M24","CV9 1HQ","Office","0758029565"
"43","cust043","Brandyn","Hickey","Hickey.Brandyn@gmail.com","hS0xy99L","19-07-1977","A64","CV344NP","Home","0752471816"
"44","cust044","Nawfa","el-Shafi","el-Shafi.Nawfa@gmail.com","g9YlKs40","07-05-1989","I36","CV339JA","Home","0758070010"
"45","cust045","Ricardo","Flores-Hernandez","Flores-Hernandez.Ricardo@gmail.com","z46NDYc8","22-07-1971","H49","CV211XB","Home","0757018256"
"46","cust046","Beau","Grzywa","Grzywa.Beau@gmail.com","7funaI8Y","15-01-1957","X69","CV9 1JJ","Home","0752974302"
"47","cust047","Mariah","Estrella","Estrella.Mariah@gmail.com","Bfk3rEVr","10-04-1985","X72","CV2 1PA","Office","0755235694"
"48","cust048","Tyler","Parsons","Parsons.Tyler@gmail.com","SIDGCjNY","04-07-1963","C29","CV379WB","Home","0754081563"
"49","cust049","Maichong","Jordan","Jordan.Maichong@gmail.com","F73bwwMB","19-02-1985","Q31","CV213BD","Home","0754353273"
"50","cust050","Austin","Cantrell","Cantrell.Austin@gmail.com","Fvp9PkIl","07-11-1959","E46","CV339JY","Office","0756184186"
"51","cust051","Hector","Mendoza","Mendoza.Hector@gmail.com","nuiAyCMu","07-11-1959","V79","CV4 0GG","Home","0755837238"
"52","cust052","Kianna","Martin","Martin.Kianna@gmail.com","iBmPErDx","25-08-1974","M31","CV3 5FD","Office","0758870321"
"53","cust053","Michael","Garcia","Garcia.Michael@gmail.com","I32dbqKW","30-06-1999","I50","CV3 6PB","Office","0753683632"
"54","cust054","Sergio","Ortiz Fallas","Ortiz Fallas.Sergio@gmail.com","mcQBhHIA","20-10-1999","L33","CV114RS","Office","0754522950"
"55","cust055","Tahaani","el-Hamad","el-Hamad.Tahaani@gmail.com","XrugNpls","01-08-2001","U41","CV225AR","Home","0758056892"
"56","cust056","Saabiqa","al-Ansari","al-Ansari.Saabiqa@gmail.com","EW9z7sdr","27-11-1954","L11","CV2 2XL","Office","0759945898"
"57","cust057","Baylynn","Restrepo","Restrepo.Baylynn@gmail.com","h0X1NWp5","03-08-1950","S53","CV325TP","Office","0759517400"
"58","cust058","Wolfgang","Culpepper","Culpepper.Wolfgang@gmail.com","iROQUmUR","11-05-1977","F51","CV8 1ZR","Office","0750081483"
"59","cust059","Maazin","al-Aboud","al-Aboud.Maazin@gmail.com","hCEZDq8K","11-09-1950","X77","CV370EF","Home","0759403045"
"60","cust060","Ziyaad","al-Satter","al-Satter.Ziyaad@gmail.com","AT8DcLbI","17-08-1994","Q50","CV3 1AT","Office","0757301643"
"61","cust061","Ramza","al-Mustafa","al-Mustafa.Ramza@gmail.com","uA8djKtT","26-10-1980","Z17","CV1 5YF","Home","0757730781"
"62","cust062","Ariel","Mooney","Mooney.Ariel@gmail.com","PNvTAQ6z","30-06-1999","U06","CV2 1LP","Office","0754500180"
"63","cust063","Rifat","el-Saladin","el-Saladin.Rifat@gmail.com","d4O2WGpT","04-01-2005","Z74","CV6 1BA","Home","0756717964"
"64","cust064","Joani","Li","Li.Joani@gmail.com","C4Gyz5z3","23-01-1952","D57","CV219JS","Home","0750735107"
"65","cust065","Michael","Gonzalez","Gonzalez.Michael@gmail.com","khlUbjlh","14-09-1981","X13","CV5 7JZ","Office","0753439367"
"66","cust066","Ricardo","Ritchie","Ritchie.Ricardo@gmail.com","8a1Kk6sT","11-05-2003","G77","CV239NZ","Home","0756367954"
"67","cust067","Danae","Silva","Silva.Danae@gmail.com","m9QvK8Bw","01-08-2001","C14","CV6 1PR","Office","0754718470"
"68","cust068","Peter","Senphannarat","Senphannarat.Peter@gmail.com","zTVV7lvD","03-08-1950","R54","CV6 9LS","Office","0759290790"
"69","cust069","Nameera","el-Majeed","el-Majeed.Nameera@gmail.com","WJq2STIE","13-01-1998","W79","CV325XW","Home","0753415666"
"70","cust070","Santino","Acevedo-Rojas","Acevedo-Rojas.Santino@gmail.com","7w4uQ79D","21-02-1996","C15","CV115ZF","Office","0753725142"
"71","cust071","John","Faraco-Hadlock","Faraco-Hadlock.John@gmail.com","3HImrpRT","09-08-2004","L14","CV319SG","Office","0750885697"
"72","cust072","Tiahja","Hatchett","Hatchett.Tiahja@gmail.com","DCsh8Q4L","10-07-1986","Y84","CV115NF","Home","0750299348"
"73","cust073","Alexander","Swanson","Swanson.Alexander@gmail.com","UvAowcnV","15-06-1986","D50","CV3 9SQ","Home","0754092813"
"74","cust074","Luke","Yu","Yu.Luke@gmail.com","e0mmn6Uz","19-02-1985","P26","CV109EW","Home","0750435248"
"75","cust075","Angelique","Huffstater","Huffstater.Angelique@gmail.com","P22xcYJf","17-01-2005","C43","CV5 7XX","Home","0757613054"
"76","cust076","Naazil","el-Idris","el-Idris.Naazil@gmail.com","iPKSx7a2","25-08-1949","A95","CV3 5FA","Office","0754674351"
"77","cust077","Sydny","Cordova","Cordova.Sydny@gmail.com","DTVYBN0n","23-01-1952","J79","CV471RT","Home","0755777022"
"78","cust078","Brianna","Jefferson","Jefferson.Brianna@gmail.com","7bI97P7f","13-01-1998","Y30","CV359NF","Office","0758821300"
"79","cust079","Tam","Mesdaq","Mesdaq.Tam@gmail.com","EZTG6hY8","25-08-1949","S95","CV324QE","Home","0750808210"
"80","cust080","Dominic","Haynes","Haynes.Dominic@gmail.com","b4h0qCH4","20-02-1954","G12","CV1 9DD","Office","0759588713"
"81","cust081","Destiny","Jacket","Jacket.Destiny@gmail.com","SwtwvcR5","31-01-2006","S08","CV6 9DT","Home","0751207614"
"82","cust082","Eric","Grimaldo","Grimaldo.Eric@gmail.com","erEJ9md8","12-10-1975","C78","CV136DN","Home","0756782681"
"83","cust083","Mustafa","Blythe","Blythe.Mustafa@gmail.com","ETJzTCm6","20-04-1969","O59","CV1 4BF","Office","0755546508"
"84","cust084","Mariah","Harris","Harris.Mariah@gmail.com","DF7NVwiz","17-01-2005","E73","CV4 7HF","Office","0750863181"
"85","cust085","Yusri","el-Saad","el-Saad.Yusri@gmail.com","730vrnG2","31-03-1976","M09","CV350DX","Office","0753560647"
"86","cust086","Jason","Lopez","Lopez.Jason@gmail.com","mqDg4g9X","19-02-1985","E92","CV324RW","Office","0754277633"
"87","cust087","Mische","Jones","Jones.Mische@gmail.com","Mjlvxmy2","25-03-2001","N53","CV6 2EZ","Home","0757471233"
"88","cust088","Devante","Waits","Waits.Devante@gmail.com","iSkhfyAd","21-03-2003","P53","CV1 1ZF","Home","0751909870"
"89","cust089","Sakar","Yong","Yong.Sakar@gmail.com","B8geEaMk","11-05-1977","W95","CV211YU","Office","0752768630"
"90","cust090","Ollice","Thomas","Thomas.Ollice@gmail.com","l2IFIe06","07-11-1959","R66","CV325EH","Home","0750811799"
"91","cust091","Kai","Parker","Parker.Kai@gmail.com","KFipL2Y7","25-06-1960","I18","CV364NS","Office","0757823823"
"92","cust092","John","Lee","Lee.John@gmail.com","j5BpbUUw","24-01-1975","L13","CV214LT","Office","0756363564"
"93","cust093","Markesha","Lewis","Lewis.Markesha@gmail.com","FxIC4QXM","22-07-1971","G18","CV6 2LF","Home","0756795937"
"94","cust094","Jasmine","Maxwell","Maxwell.Jasmine@gmail.com","5bOH7IV6","06-02-1971","S40","CV239AP","Home","0756242375"
"95","cust095","Keaton","Olson","Olson.Keaton@gmail.com","tDSP5jfk","13-01-1998","H15","CV472UL","Office","0756977196"
"96","cust096","Reed","Golden","Golden.Reed@gmail.com","wtHeLK4m","21-03-2003","C66","CV1 2TU","Home","0756232475"
"97","cust097","Carly","Chang","Chang.Carly@gmail.com","iO6qDLef","26-06-1981","N25","CV4 9GU","Home","0754075252"
"98","cust098","Kendall","Lewis","Lewis.Kendall@gmail.com","oxJKqs2w","01-08-1991","A82","CV3 4FX","Office","0758965321"
"99","cust099","Briana","Taylor","Taylor.Briana@gmail.com","5y71unav","14-03-1947","O78","CV365BZ","Home","0758550818"
"100","cust100","Juan","Hernandez","Hernandez.Juan@gmail.com","JVlnUCcn","08-03-1986","S90","CV324TT","Home","0755090694"
