"","cust_id","first_name","last_name","cust_email","password","cust_birth_date","block_num","postcode","address_type","cust_telephone"
"1","cust101","Daniel","Trang","Trang.Daniel@gmail.com","iMeZJxYE","12-09-1953","M11","CV109DN","Home","0751788233"
"2","cust102","Sable","Cochran","Cochran.Sable@gmail.com","unvwXuMK","20-03-1968","V67","CV3 2HJ","Office","0759002476"
"3","cust103","Michelle","Moreno","Moreno.Michelle@gmail.com","qqHCqbap","14-04-1958","S21","CV226ZW","Home","0750503886"
"4","cust104","Lael","Lynch","Lynch.Lael@gmail.com","C1Rcfcgq","17-12-1961","D09","CV3 1PS","Home","0755236185"
"5","cust105","Brandon","Le","Le.Brandon@gmail.com","R2h2XYoT","11-09-1989","A14","CV4 8YA","Home","0754431484"
"6","cust106","Caitlynn","Jones","Jones.Caitlynn@gmail.com","zNuMFhFN","08-02-1965","P31","CV109NU","Home","0751953851"
"7","cust107","Leslie","Li","Li.Leslie@gmail.com","Qmo3zyzn","18-06-2004","S57","CV376UJ","Home","0754790840"
"8","cust108","Rawda","el-Yamin","el-Yamin.Rawda@gmail.com","5F7pcp8j","04-03-2005","R96","CV3 6FR","Home","0757443623"
"9","cust109","Luke","Thesz","Thesz.Luke@gmail.com","SKhZwTgM","27-10-1966","M70","CV349GP","Home","0751633565"
"10","cust110","Kiva","Korte","Korte.Kiva@gmail.com","9m8KzetM","19-05-1946","R46","CV238AJ","Office","0753865576"
"11","cust111","Devin","Johnson","Johnson.Devin@gmail.com","kJ0Wd9By","09-04-1971","V58","CV1 5QR","Home","0756768434"
"12","cust112","Tyler","Sappington","Sappington.Tyler@gmail.com","bgmVY8Rb","04-05-1994","R97","CV136ZT","Home","0750369988"
"13","cust113","Brenda","Corona","Corona.Brenda@gmail.com","NECS8UHP","18-07-1944","F98","CV116GZ","Office","0750442479"
"14","cust114","Angelo","Montrey","Montrey.Angelo@gmail.com","ieQnSixe","19-06-1973","I74","CV4 9JT","Home","0758162924"
"15","cust115","Sylda","Palma-Valle","Palma-Valle.Sylda@gmail.com","YUION7YQ","20-04-2005","Y95","CV2 2NQ","Home","0751417908"
"16","cust116","Wajeeha","el-Kamali","el-Kamali.Wajeeha@gmail.com","LdHCtd69","11-09-1989","T17","CV350WR","Home","0751853147"
"17","cust117","Rashaa","al-Fahmy","al-Fahmy.Rashaa@gmail.com","7UDDaP2j","03-12-1951","N21","CV365JW","Office","0755417482"
"18","cust118","Waseem","el-Amara","el-Amara.Waseem@gmail.com","k0Uy9YIs","18-04-1949","A22","CV379YH","Office","0757422371"
"19","cust119","Adrian","Alexander","Alexander.Adrian@gmail.com","JtxIsb9j","18-04-1949","H38","CV227GD","Office","0752736196"
"20","cust120","Dominique","Emrick","Emrick.Dominique@gmail.com","0bdr5asp","14-11-1989","H43","CV114PY","Home","0757606056"
"21","cust121","Taqi","al-Mousa","al-Mousa.Taqi@gmail.com","rJCteNm4","12-11-1989","U87","CV130JZ","Home","0751608366"
"22","cust122","Michael","Garza","Garza.Michael@gmail.com","pHatvxic","12-06-1995","O89","CV2 1AG","Office","0751590834"
"23","cust123","Robert","Cunningham","Cunningham.Robert@gmail.com","1xiXiCT3","16-06-1997","Q53","CV4 0EU","Home","0751075049"
"24","cust124","Anthony","Coston","Coston.Anthony@gmail.com","XLIiPnrS","05-01-1959","E05","CV6 6JU","Office","0756631474"
"25","cust125","Shasta","Siewiyumptewa","Siewiyumptewa.Shasta@gmail.com","70hS4XYK","12-04-1960","K65","CV120EG","Home","0756605198"
"26","cust126","Fidda","el-Koroma","el-Koroma.Fidda@gmail.com","qzSZCGPW","20-10-1997","W03","CV225RN","Home","0757812349"
"27","cust127","Riley","Nietes","Nietes.Riley@gmail.com","jtRnTX6j","16-02-1952","I24","CV238PG","Office","0754216692"
"28","cust128","Kayle","Fernandez","Fernandez.Kayle@gmail.com","3Vw0bxsn","06-04-1977","Z04","CV130PJ","Home","0754156680"
"29","cust129","Bryson","Tennell","Tennell.Bryson@gmail.com","ZIqbTw0W","12-04-1981","G89","CV115UT","Office","0753922017"
"30","cust130","Sarah","Lashmit","Lashmit.Sarah@gmail.com","OvseqsY2","31-10-1957","B07","CV6 5FD","Office","0756376752"
"31","cust131","Erick","Burton","Burton.Erick@gmail.com","Fol8util","04-11-1952","F23","CV472QR","Home","0759347302"
"32","cust132","George","Villanueva Solis","Villanueva Solis.George@gmail.com","WyL9LnAz","08-05-1978","U59","CV7 9GP","Home","0759582066"
"33","cust133","Shannon","Pham","Pham.Shannon@gmail.com","188cKhuP","18-07-1944","O19","CV345FD","Home","0753142500"
"34","cust134","Skip","Khu","Khu.Skip@gmail.com","fPgZBVIw","20-09-1993","Y09","CV8 9YF","Home","0751173222"
"35","cust135","Angel-Danielle","Jones","Jones.Angel-Danielle@gmail.com","c4iCKFnj","22-09-1980","D08","CV213TU","Office","0750127170"
"36","cust136","Shannah","Wolfe","Wolfe.Shannah@gmail.com","aNS4FQBJ","12-09-1953","A41","CV378SS","Home","0752238681"
"37","cust137","Britney","Faulhaber","Faulhaber.Britney@gmail.com","Q46QlWtq","16-02-1952","F26","CV346EF","Home","0751875434"
"38","cust138","Cody","Ballinger","Ballinger.Cody@gmail.com","piOmYUkt","04-03-2005","B08","CV211NU","Office","0758642609"
"39","cust139","Davis","Zaheer","Zaheer.Davis@gmail.com","pipryXyC","24-11-2001","B53","CV3 5AJ","Home","0759606546"
"40","cust140","Brandon","Allen","Allen.Brandon@gmail.com","giZudLRE","16-02-1952","E90","CV239LZ","Home","0758661172"
"41","cust141","Westley","Weems","Weems.Westley@gmail.com","e3AmGDrI","04-05-1994","A13","CV100JD","Home","0751564172"
"42","cust142","Sebastian","Weiss","Weiss.Sebastian@gmail.com","OPGDz7eU","25-08-1952","P91","CV239FR","Office","0752086554"
"43","cust143","Sadeeqa","al-Dib","al-Dib.Sadeeqa@gmail.com","5LrO4eVL","23-10-1985","K28","CV6 1QX","Home","0753909386"
"44","cust144","Cheyenne","Perry","Perry.Cheyenne@gmail.com","SNmem7BX","12-09-1953","R44","CV371EJ","Home","0752699307"
"45","cust145","Tuhfa","al-Hussain","al-Hussain.Tuhfa@gmail.com","xtKPN904","31-01-1999","E34","CV325BG","Office","0759427320"
"46","cust146","Cordelia","Her","Her.Cordelia@gmail.com","It87uaWF","26-12-1989","F71","CV471PA","Home","0753291354"
"47","cust147","Verut","Walters","Walters.Verut@gmail.com","QaGHU9nD","17-10-1993","E15","CV230QW","Home","0750189623"
"48","cust148","Kara","Dettmann","Dettmann.Kara@gmail.com","Jd1z7tWr","19-12-2004","U05","CV2 3QA","Office","0755532849"
"49","cust149","Tan","Lastrella","Lastrella.Tan@gmail.com","Dys5k805","20-09-1993","W86","CV3 1GL","Office","0758959042"
"50","cust150","Yvonne","Zhou","Zhou.Yvonne@gmail.com","3iQPLDs6","08-05-1978","D73","CV312QZ","Office","0754516499"
"51","cust151","Jose","Jimenez","Jimenez.Jose@gmail.com","BpMFNLyn","04-03-2005","X10","CV311JA","Home","0758859965"
"52","cust152","Nastashia","Terry","Terry.Nastashia@gmail.com","4PcwLmhZ","11-10-2005","V02","CV7 9JS","Home","0757544489"
"53","cust153","Mario","Pinnecoose","Pinnecoose.Mario@gmail.com","UNqlrQkK","04-02-1946","A57","CV5 7GZ","Home","0750327174"
"54","cust154","Rikki","Lamb","Lamb.Rikki@gmail.com","wkdJtLTX","15-09-2000","V86","CV9 2HW","Home","0759657661"
"55","cust155","Orion","Rains","Rains.Orion@gmail.com","dubnowCJ","11-10-2003","L87","CV364NU","Home","0751821217"
"56","cust156","Verenice","Quintana","Quintana.Verenice@gmail.com","oeNQ285z","17-12-1995","E77","CV5 6PE","Office","0758136907"
"57","cust157","Vi","Lor","Lor.Vi@gmail.com","lAfTFjc0","17-12-1961","W53","CV8 1FZ","Office","0756637121"
"58","cust158","Jordan","Gallegos","Gallegos.Jordan@gmail.com","SdFWVa3D","03-12-1951","D36","CV107YS","Office","0756749098"
"59","cust159","Robert","Kabotie","Kabotie.Robert@gmail.com","Qo8tpYzv","18-04-1949","A34","CV6 7YN","Office","0755722135"
"60","cust160","Tyler","Anwar","Anwar.Tyler@gmail.com","rJodfaWi","17-10-1993","S45","CV120NB","Office","0752072239"
"61","cust161","Panhnha","Wang","Wang.Panhnha@gmail.com","DqMtkk6u","13-08-1989","F71","CV1 2AG","Office","0754530426"
"62","cust162","Mark","Archuleta","Archuleta.Mark@gmail.com","7BSXFCc9","15-10-1996","N99","CV7 7XR","Home","0752067411"
"63","cust163","Justin","Garnier","Garnier.Justin@gmail.com","6aOMTs1y","09-03-2001","H83","CV213TD","Office","0757734756"
"64","cust164","Cruz","Flores-Roman","Flores-Roman.Cruz@gmail.com","C0HyRodB","04-11-1952","J65","CV4 8FW","Office","0754253939"
"65","cust165","Aasima","al-Salih","al-Salih.Aasima@gmail.com","ahKQnync","18-07-1944","N39","CV100LQ","Home","0753898196"
"66","cust166","Rachel","Mccabe","Mccabe.Rachel@gmail.com","CgBfzUZn","19-12-2004","W49","CV378XG","Office","0757721432"
"67","cust167","Benjamin","Whiteskunk","Whiteskunk.Benjamin@gmail.com","A44ZDpQ8","18-08-1978","T72","CV471GH","Office","0755492872"
"68","cust168","Sajiyya","al-Khan","al-Khan.Sajiyya@gmail.com","wTpMqY9e","11-09-1972","G76","CV3 1GD","Home","0757246954"
"69","cust169","Mustaba","el-Meer","el-Meer.Mustaba@gmail.com","QbmNgWIu","10-12-2001","Z38","CV346PQ","Office","0758488205"
"70","cust170","Chase","Cournoyer","Cournoyer.Chase@gmail.com","qxve6MFc","26-12-1981","R89","CV8 9FJ","Home","0759555126"
"71","cust171","Rachel","Spalding","Spalding.Rachel@gmail.com","dPjbWpoS","28-02-2003","X40","CV327XL","Office","0753601823"
"72","cust172","Mushtaaq","el-Mina","el-Mina.Mushtaaq@gmail.com","JJ8gaPVY","04-02-1946","H09","CV312YW","Office","0754968212"
"73","cust173","Irfaan","al-Musa","al-Musa.Irfaan@gmail.com","cS3wrvS7","25-06-1944","V55","CV2 5GQ","Home","0757972557"
"74","cust174","Sean","Gibans","Gibans.Sean@gmail.com","AKQF6AXT","12-09-1953","N74","CV8 3JQ","Office","0753519684"
"75","cust175","Cheng","Schwarz","Schwarz.Cheng@gmail.com","gap9Sbmn","08-05-1978","L53","CV359DQ","Home","0753012415"
"76","cust176","Qaaid","al-Azad","al-Azad.Qaaid@gmail.com","PWsH83Ge","04-03-2005","B93","CV6 2HP","Office","0751284943"
"77","cust177","Kalynne","Jones","Jones.Kalynne@gmail.com","xB4jeGDX","22-02-1958","P86","CV7 8DE","Office","0757325188"
"78","cust178","Taylor","Kapule","Kapule.Taylor@gmail.com","KVTuaG2F","01-01-1984","W43","CV3 4GD","Office","0751746581"
"79","cust179","Michelle","Chen","Chen.Michelle@gmail.com","rqpH1wqn","21-08-1957","E09","CV230ZF","Home","0750473252"
"80","cust180","Marcelena","Lujan","Lujan.Marcelena@gmail.com","GcUm55fD","23-10-1985","Q04","CV471WH","Office","0755411841"
"81","cust181","Talore","Scales","Scales.Talore@gmail.com","szdexEe6","15-10-1996","O92","CV238YA","Home","0752137579"
"82","cust182","Nina","Madrid","Madrid.Nina@gmail.com","owyb3NM0","18-07-1944","A01","CV371EE","Office","0755606879"
"83","cust183","Cyrus","Suresh","Suresh.Cyrus@gmail.com","TqzAD54K","18-08-1978","A49","CV478JW","Office","0757231163"
"84","cust184","Rutaiba","al-Abood","al-Abood.Rutaiba@gmail.com","ODu8YtxR","07-03-1950","F00","CV378YN","Home","0758003033"
"85","cust185","Jessica","Laroche","Laroche.Jessica@gmail.com","WNHKotJt","20-03-1968","R48","CV349GW","Office","0757318548"
"86","cust186","Connor","Stohr","Stohr.Connor@gmail.com","zQW0W1gM","04-11-1952","V58","CV6 3DG","Office","0757998657"
"87","cust187","Qaaid","el-Malek","el-Malek.Qaaid@gmail.com","XXalVV7i","03-04-1992","Z73","CV364BW","Home","0757286549"
"88","cust188","Maria","Owens","Owens.Maria@gmail.com","K405iNKO","16-10-1949","X83","CV349GH","Office","0758891254"
"89","cust189","Alma","Salazar","Salazar.Alma@gmail.com","77uNRLGs","11-10-2005","V26","CV5 7QR","Home","0752535126"
"90","cust190","Colton","Morin","Morin.Colton@gmail.com","NOTY9ofe","26-12-1989","T46","CV349AF","Home","0755125382"
"91","cust191","Isabella","Srinivasan","Srinivasan.Isabella@gmail.com","v1w1aOQc","12-04-1960","L60","CV7 9JZ","Home","0751015853"
"92","cust192","Arely","Godoy","Godoy.Arely@gmail.com","Rab25gzx","19-06-1996","M22","CV312HW","Office","0753652546"
"93","cust193","Savannah","Holguin","Holguin.Savannah@gmail.com","garTSIRT","04-05-1994","O40","CV338AG","Office","0756484666"
"94","cust194","Jonathan","Bergin","Bergin.Jonathan@gmail.com","2KqVNcNK","04-01-1986","V86","CV6 3LL","Office","0757292208"
"95","cust195","Connor","Huynh","Huynh.Connor@gmail.com","DuvvaIa6","22-09-1980","D99","CV7 7EX","Home","0752054038"
"96","cust196","Rakem","Joseph","Joseph.Rakem@gmail.com","cvGIuEEC","26-12-1989","S43","CV9 3EQ","Office","0753937627"
"97","cust197","Sarah","Dang","Dang.Sarah@gmail.com","xxqA0sTZ","12-04-1981","Y64","CV6 1NS","Home","0751113314"
"98","cust198","Joseph","Bautista","Bautista.Joseph@gmail.com","S0CTF70r","06-05-1983","B62","CV326RX","Home","0752845208"
"99","cust199","Keaanee","Williams","Williams.Keaanee@gmail.com","AYgczonY","05-01-1959","M50","CV8 3DS","Office","0755128565"
"100","cust200","Aarif","al-Mohiuddin","al-Mohiuddin.Aarif@gmail.com","YGlkHD4J","08-01-1958","M60","CV312FE","Home","0756289878"
